repo,issue_link,issue_id,post,question,answer
rails/rails,https://github.com/rails/rails/issues/36902,rails_rails_issues_36902,"DateTime converted to local before insertion after rails 4.2.8

### Steps to reproduce gem 'bundler', '1.17.3' require ""bundler/inline"" gemfile(true) do source ""https://rubygems.org"" git_source(:github) { |repo| ""https://github.com/#{repo}.git"" } gem ""rails"", '4.2.11' # Succeeds for <=4.2.7; Fails for >=4.2.8 gem ""sqlite3"", '1.3.9' end require ""active_record"" require ""minitest/autorun"" require ""logger"" # This connection will do for database-independent bug reports. ActiveRecord::Base.establish_connection(adapter: ""sqlite3"", database: ""db"") ActiveRecord::Base.logger = Logger.new(STDOUT) ActiveRecord::Base.default_timezone = :getlocal # has no effect #ActiveSupport.to_time_preserves_timezone = false #ActiveSupport.to_time_preserves_timezone = true ActiveRecord::Schema.define do create_table :things, force: true do |t| t.datetime :start_time t.datetime :start_datetime end end class Thing < ActiveRecord::Base end class BugTest < Minitest::Test def test_datetime_versus_time Thing.create!(start_datetime: DateTime.new(2019,1,1), start_time: Time.new(2019,1,1)) start_time = Thing.connection.select_value('select start_time from things limit 1') start_datetime = Thing.connection.select_value('select start_datetime from things limit 1') puts ""start_time = #{start_time}"" puts ""start_datetime = #{start_datetime}"" assert_match /2019-01-01/, start_time assert_match /2019-01-01/, start_datetime end end ### Expected behavior DateTime should be inserted in a time zone neutral way, as in rails 4.2.7 and before. ### Actual behavior DateTime is treated as utc and converted to local time zone before insertion, resulting in a backwards incompatible change. Time still seems to work the same. ### Cause [This commit](https://github.com/rails/rails/commit/d569f8dc5f0c6345db476ebd9f228c68c3434a29) added a getlocal method to DateTime, so now [getlocal](https://github.com/rails/rails/blob/4-2-stable/activerecord/lib/active_record/type/date_time.rb#L15) gets called on the value. ### System configuration **Rails version**: Succeeds for <=4.2.7; Fails for >=4.2.8 **Ruby version**: reproduced in 2.1.8, 2.3.5, 2.5.3",Did you changed the value of to_time_preserves_timezone when upgraded to the new version?,# has no effect #ActiveSupport.to_time_preserves_timezone = false #ActiveSupport.to_time_preserves_timezone = true
rails/rails,https://github.com/rails/rails/issues/32024,rails_rails_issues_32024,"build_association on belongs_to does not add the builder to has_many association

### Steps to reproduce When build_association is called on a belongs_to relation, then the model does not get added to the inverse has_many relation. This behavior can also be observed when assigning a new record directly to the belong_to association.  ### Expected behavior I expect the Post model to know about the author, through which it was built. This would match the behavior observed, when used the other way round. (post.authors.build actually assigns the inverse post and post = authors.build_post results in authors.post == post being true) ### Actual behavior The authors relation is blank. Hence, the validations on the Post model are failing. Neither am I able to then save Post nor the Author model, without me explicitly adding the Author model to the post.authors relation. ### System configuration **Rails version**: 5.1.5 **Ruby version**: 2.3.6",Can someone confirm if this is a bug or not? Thanks!,"post.authors.length assert_equal author, post.authors.first assert_predicate author, :valid? assert_predicate post, :valid? assert author.save end def test_assigning_belongs_to_adds_to_inverse author = Author.new post = Post.new author.post = post assert_equal , post.authors.lengthauthor,"
rails/rails,https://github.com/rails/rails/issues/34328,rails_rails_issues_34328,"Order of JOIN statements not respected when building ActiveRecord query with merge and joins

I'm building a query with ActiveRecord where I do a LEFT OUTER JOIN and then use merge to do an INNER JOIN. When I pass in GithubPr.joins(:github_user) as the argument to merge, the order of the JOIN statements is not as intended, resulting in a broken SQL query. ### Steps to reproduce Here's my query with a .to_sql to print the generated SQL.  ### Expected behavior The query I would expect would be consistent with the order of the joins I built. I expect the LEFT OUTER JOIN to be first, followed by the INNER JOIN.  ### Actual behavior The query that is generated does not respect the order of my joins. Instead, the INNER JOIN comes before the LEFT OUTER JOIN, which does not work/  ### Weird workaround I've found a weird workaround where if I pass in a custom join like this:  instead of:  ... then the order is correct and the SQL is valid. ### System configuration **Rails version**: 5.2.1 **Ruby version**: 2.5.0",Can you create a reproduce script with this [template](https://github.com/rails/rails/blob/master/guides/bug_report_templates/active_record_gem.rb)?,"') .to_sql to be firstfollo INNER JOIN ""github_users"" ON ""github_users"".""id"" = ""github_prs"".""github_user_id"" Actual behavior The query that is generated does not respect the order of my joins. Instead, the INNER JOIN comes before the LEFT OUTER JOIN, which does not work/  ###"
rails/rails,https://github.com/rails/rails/issues/33091,rails_rails_issues_33091,"JSON serialization behaves incorrectly when a column alias has the same name as an instance method

### Steps to reproduce 1. Have an ApplicationRecord with a function that takes no parameters, named my_name(). 2. On a Relation of that class, have a select statement that aliases a column to my_name, for instance: MyModel.where(some_condition).select(""field1 AS my_name""). 3. Render this relation to JSON. ### Expected behavior The JSON generated should simply be a hash of the results of the select query. ### Actual behavior The JSON generated overwrites the value of the my_name entries with the results of calling the my_name() function for each record in the relation. ### System configuration **Rails version**: 5.1.6 **Ruby version**: 2.5.0 ## Example Here's a simplified version of the code in my project that caused the problem. I'm using PostgreSQL; time is stored in the database as an integer representing a number of seconds; this is more suitable for my purposes than an interval column.  ## Workaround This can be worked around by overriding read_attribute_for_serialization, with something like the following:  (Note: you may wonder why one would want to have a column alias that is the same as a method name. The reason is that you may want to perform some post-processing of the stored data before rendering it to JSON. When doing this for a single Record, it's simplest to have a method with that name, and then pass methods: :my_name. When rendering a group of records to JSON, however, it's more efficient to have that processing done by the database itself, as part of the select query. Whichever way we do the processing, we want it to have the same key in the generated JSON.)",Can you please provide a sample application that reproduces the issue?,"## Example Here's a simplified version of the code in my project that caused the problem. I'm using PostgreSQL; time is stored in the database as an integer representing a number of seconds; this is more suitable for my purposes than an interval column.  ## Workaround This can be worked around by overriding read_attribute_for_serialization, with something like the following: "
rails/rails,https://github.com/rails/rails/issues/33460,rails_rails_issues_33460,"Writing a link_to method in helper and a URL with request parameter under certain ""if else"" statement crashes Rails sever with Abort trap: 6

This is a very **very** specific bug and should not be much of a problem when using Rails normally, but I have encountered this problem somehow, and narrowed down the problem a bit, so I will give some examples and the outcome of it. Hope this helps fix some weird bugs out there maybe. ### Steps to reproduce In any rails application, 1. create any helper method that satisfies the following conditions under app/helpers. - Write a condition with if true ... else ... OR if false ... else ... - Write the process under the statement that will never be used. For example, if you write it with if true then you must write your process under the else statement and vice versa. - Write a path using the link_to helper and a url_helper which contains a request parameter. For example I will create a helper method like below.  OR you can write it like this.  2. use the helper method inside any view files under app/views/.... Create a controller and route it if necessary. For this example I will create some_view erb template and a WebPagesController, and route it accordingly.    3. start your rails server. 4. Access the view. For this instance, localhost:3000/web_pages/some_view ### Expected behavior It should not crash, but instead, should render the process under either if or else depending on the true or false condition that you have specified. ### Actual behavior The server will crash with a log similar to the one below.  ### System configuration **Rails version**: Rails 5.2.0 **Ruby version**: ruby 2.5.1p57 (2018-03-29 revision 63029) [x86_64-darwin14] ### Side Note This bug will not occur in the following conditions. So the following program will work correctly. 1. Write the true false condition statement in any variable like the following.  2. Do not write the process under the statement that will never be used.  3. Do not give the url_helper with a request parameter.  4. Writing the method's process directly in the view template.  ### Status update - 7/31/2018 21:00 JST It seems that when you start up the server (which loads the helper method), and this specific method is not commented out, it will crash the server when you try to render any views. Even if that view does not invoke the said method. On the other hand, if you write the helper method after you have started up your server(like you would normally when developing the application), it is possible to explore other pages, until you try to access the said method in a view, causing it to reload the helper, thus wiping the application.",Can you create a reproduce application your issue?,"#### Update 7/31/2018 21:00 JST It seems that when the server loads the helper method, and this specific method is not commented out, it will crash the server when you try to render any views. But, if you write the helper method after you have started up your server, it is possible to explore other pages, until you try to access the said method in a view, causing it to reload the helper, thus wiping the application."
rails/rails,https://github.com/rails/rails/issues/33520,rails_rails_issues_33520,"SQLite schema changes lose foreign key references

### Steps to reproduce Run a migration with schema change (anything using alter_table) on a SQLite database, e.g. renaming a column which has a foreign key reference set. ### Expected behavior The column is renamed, the foreign key reference is kept. ### Actual behavior The column is renamed, the foreign key reference is dropped. This happens on all schema changes which copy the table. The logic to recreate the foreign key in create_table seems to be missing.  ### System configuration **Rails version**: master (78992d6f6dfebb5275b5e3b886aeb6908cbe1acb) **Ruby version**: 2.4.1",Do you mind sharing SQL in the log that got generate from steps 003?,logger = Logger.new(STDOUT) 2.4.1 :003 > ActiveRecord::Base.
rails/rails,https://github.com/rails/rails/issues/33887,rails_rails_issues_33887,"ActiveModel::Errors.add adds error twice

### Steps to reproduce Consider the following class whit 2 validators and a conditional validator if::  ### Expected behavior  ### Actual behavior  ### System configuration **Rails version**: 5.2.1 **Ruby version**: 2.5.1p57 (2018-03-29 revision 63029) [x86_64-linux-gnu]",Can you please provide a sample application that reproduces the issue?,"def oups_id_unique? errors.add(:id false a.errors.full_messages #=> Id is invalid"", ""Id"
rails/rails,https://github.com/rails/rails/issues/34408,rails_rails_issues_34408,"cache_key not changing when using limit, order and offset (e.g. pagination)

I know there has already been some tinkering with with cache_key and pagination, but I encountered a new problem: Given I have some records ordered by some property and paginated: id | name | updated_at -- | ------- | ----------- 1 | Alfa | 12:01 2 | Bravo | 12:02 3 | Charlie | 12:03 -- | ------- | ----------- 4 | Delta | 12:04 5 | Echo | 12:06 6 | Foxtrot | 12:05 -- | ------- | ----------- 7 | Golf | 12:07 8 | Hotel | 12:08 9 | India | 12:09 In this example I have pages with a limit of 3, so the cache_keys of the 3 pages would be based on the updated_at values like so: Page 1: 12:03 Page 2: 12:06 Page 3: 12:09 When I now change an entry in a way that it is put onto another page, e.g. I rename Hotel to Alpha2, I get the following pages: id | name | updated_at -- | ------- | ----------- 1 | Alfa | 12:01 8 | Alpha2 | 12:50 2 | Bravo | 12:02 -- | ------- | ----------- 3 | Charlie | 12:03 4 | Delta | 12:04 5 | Echo | 12:06 -- | ------- | ----------- 6 | Foxtrot | 12:05 7 | Golf | 12:07 9 | India | 12:09 And the cache_keys are based on this values: Page 1: 12:50 Page 2: 12:06 Page 3: 12:09 As you can see the content of all 3 pages did change, but only the cache_key of Page 1 did change. Page 2 and Page 3 do still have the same cache_key. The workaround I used to fix this in our project is by removing the scope, calculating the cache_key and appending the scope-values to that key:  This way every page still has its own cache-entry, but when any product is changed, all the pages are invalidated. I think this is the only way to ensure correct cache_keys if values of the order column can change. ### System configuration **Rails version**: 5.1.6 **Ruby version**: 2.5.1",Can you please provide a sample application that reproduces the issue?,"Delta | 12:04 5 | Echo | 12:06 6 | Foxtrot | 12:05 -- | ------- | ----------- 7 | Golf | 12:07 8 | Hotel to Alpha2, I get the following pages: id | name | updated_at -- | ------- | ----------- 1 | Alfa | 12:01 8 | Alpha2 | 12:50 2 | Bravo | 12:02 -- | ------- | ----------- 3 | Charlie | 12:03 4 | Delta | 12:04 5 | Echo | 12:06 -- | ------- | ----------- 6 | Foxtrot | 12:05 7 |"
rails/rails,https://github.com/rails/rails/issues/35978,rails_rails_issues_35978,"zeitwerk doesn't autoreload the helpers

### Steps to reproduce - have a rails app with some helpers - see a page using an helper - change an helper's code - reload the page - edit: OmniAuth.config.on_failure = ApplicationController.action(:failure) https://github.com/localhostdotdev/bug-2 ### Expected behavior new code is executed and a change is seen ### Actual behavior doesn't auto-reload the module and keeps the old code ### System configuration **Rails version**: Rails 6.0.0.beta3 **Ruby version**: ruby 2.6.2p47 (2019-03-13 revision 67232) [x86_64-darwin17] --------- tried so many things to use weitzerk, some methods don't work anymore, my autoload paths had the helpers in it, rest of the code autoreloads just fine, logging didn't work, I really tried but couldn't even get to see which it was not working. using config.autoloader = :classic was an instant fix (edit: but broke everything :) (e.g. reaching for global namespace from a namespace and dynamically get something like ::Factory::User) (I'm not using spring and not using bootsnap, issue was there when I was using those gems) and I got the correct config for autoreloading I think:",Can you try a new app with the --edge flag?,- edit: OmniAuth.config.on_failure = ApplicationController.action(:failure) https://github.com/localhostdotdev/bug-2
rails/rails,https://github.com/rails/rails/issues/37080,rails_rails_issues_37080,"ActiveSupport::Duration arithmetic leads to unexpected .parts values

### Steps to reproduce  ### Expected Vs. Actual Behavior  ### System configuration **Rails version**: 6.0.0 **Ruby version**: 2.6.3 ### Comments I notice (and like!) that duration arithmetic takes into account the existing parts rather than just build an entirely new duration based on the value alone but it looks like it may need some additional logic to format the resultant parts. i.e: a) The returned parts of the sum / multiplication of durations with hours as their highest unit should continue to present hours as the highest unit, but the values of any smaller units should never be larger than one of a larger unit. e.g.: - Good: { hours: 127, minutes: 13, seconds 59.0 } - Less Good: { hours: 125, minutes: 120, seconds: 839.0 } b) Parts should never contain combinations of positive and negative values as a result of subtraction c) The returned parts of division should present logical values e.g.: - Good: { hours: 0, minutes: 30, seconds: 50.0 } or { minutes: 30, seconds: 50.0 } - Less Good: { hours: 0.5, minutes: 0.5, seconds: 20.0 }",What are the results if build uses a Rational instead of a Float?,", seconds: 0.0, :seconds=>0.0"
gitextensions/gitextensions,https://github.com/gitextensions/gitextensions/issues/6872,gitextensions_gitextensions_issues_6872,"Exception when opening the file history for certain files

## Current behaviour Exception thrown. ## Expected behaviour Open file hitory from command line ## Steps to reproduce * I have a script in autohotkey to open filehistory like ""C:\Program Files (x86)\GitExtensions\GitExtensions.exe"" filehistory %ClipBoard% was working fine but now throws * i can repro from the UI also. I modified a file then go to the commit right click and file history looks like it works for another repo, have no idea why it doesn't work for this one though as I did no changes. ## Error Details  ## Environment - Git Extensions 3.1.1.6049 - Build 2f872105b4eb42421d9fdafd68e90a9e27d20d96 - Git 2.21.0.windows.1 - Microsoft Windows NT 10.0.17763.0 - .NET Framework 4.8.3801.0 - DPI 144dpi (150% scaling)",Could you also try inside another repository? And also for another file inside the same repository?,"Exception thrown.* * i can repro from the UI also. I modified a file then go to the commit right click and file history looks like it works for another repo, have no idea why it doesn't work for this one though as I did no changes."
gitextensions/gitextensions,https://github.com/gitextensions/gitextensions/issues/7712,gitextensions_gitextensions_issues_7712,"Comments in commit dialog are not stripped out

## Current behaviour I have a commit template that I use that has comments in it.  My settings have ""Compose commit messages in Commit dialog"" set to checked. Whenever I commit, I still get these comment lines in my commit dialog, so that I get something that looks like the attached image when I view my changes in the main browser window. ## Expected behaviour I expect the comments to be stripped out. ## Steps to reproduce I modify some files. I go to the commit dialog and commit the files and I type a message in the commit dialog box inside the template that gets loaded. I commit the files. I see that the comments are kept in. This doesn't happen every time. ## Screenshots ![image](https://user-images.githubusercontent.com/24639954/73496447-3c9bb880-437e-11ea-8783-c093d1e9ec7a.png) ## Did this work in previous version of GitExtensions <s>Yes, version 3.00.00.4433.</s> ## Environment - Git Extensions 3.2.1.6628 - Build bc07663c3c893f1d896520e0bdcfbe35cfe4b729 - Git 2.24.1.windows.2 - Microsoft Windows NT 10.0.17763.0 - .NET Framework 4.8.4075.0 - DPI 96dpi (no scaling) ## Diagnostics <!-- If relevant, as described at https://github.com/gitextensions/gitextensions/wiki/Diagnosing-problems --> <!-- â¤ï¸ Git Extensions? Please consider supporting our collective: ðŸ‘‰ https://opencollective.com/gitextensions -->",What is different when it happens and doesn't?,# ----------- One-line Summary (50 chars) -------|
gitextensions/gitextensions,https://github.com/gitextensions/gitextensions/issues/6066,gitextensions_gitextensions_issues_6066,"Ability to disable 'simplify-merges' option

Hello there! ## Current behaviour History form does not show all merges even if 'Show Full History' option is toggled 'on'. ## Expected behaviour 'Show full history' displays all commits and merges that affects specified file ## Steps to reproduce Create a branch 'B1' Create a child branch 'B2' from the 'B1' Make different changes in the same file from 'B1' and 'B2' Merge 'B1' to 'B2' Resolve conflict using change from 'B2' Merge 'B2' to 'B1' Now you can see that changes in 'B1' are lost and can't find how it happens ## Screenshots ## Did this work in previous version of GitExtensions Don't know exactly ## Environment - Git Extensions 3.00.00.4433 - Build fca7cf228b481ee8c1b779cf7b882ccdfbdcd1bc - Git 2.19.1.windows.1 - Microsoft Windows NT 10.0.17134.0 - .NET Framework 4.7.3260.0 - DPI 96dpi (no scaling) ## Diagnostics ## Original description I'm a participant in a huge project and it's really important for me to see full file history include all merges. I've downloaded the source code and found hardcoded option '--simplify-merges' in the 'FormFileHistory' class. This option makes GitExtensions useless for me and other developers on my project, so I beg you guys, create a button or anything else to disable it. Please, take attendance that 'Show Full History' button in the Visual Studio doesn't ignore merges. Thanks in advance, I really appreciate your work",Can you take a look at it?,"## Diagnostics ## Original description I'm a participant in a huge project and it's really important for me to see full file history include all merges. I've downloaded the source code and found hardcoded option '--simplify-merges' in the 'FormFileHistory' class. This option makes GitExtensions useless for me and other developers on my project, so I beg you guys, create a button or anything else to disable it. Please, take attendance that 'Show Full History' button in the Visual Studio doesn't ignore merges. Thanks in advance, I really appreciate your work"
gitextensions/gitextensions,https://github.com/gitextensions/gitextensions/issues/6343,gitextensions_gitextensions_issues_6343,"View History window says ""This repository does not yet contain any commits""

## Current behaviour From the File Tree, I double-click on a file or right-click and select ""View History"". The ""File History"" window opens, but it says ""This repository does not yet contain any commits"". The same thing happens in most of my repositories, although there are a few repositories where the ""File History"" does show me the history and blame as expected. The repositories where it works as expected all seem to have a small number of commits and only one branch. However, my screenshot shows one example of a small repository with one branch where I experience the problem. ## Expected behaviour The window should show history and ""blame"" information. [EDIT] **The fix involves removing duplicate slashes from repository paths.** ## Steps to reproduce Open repository In File Tree, double-click on a file ## Screenshots ![gitextensionshistory1](https://user-images.githubusercontent.com/391044/53757087-9c889700-3e6f-11e9-8196-1c14e2d72a6b.PNG) ## Did this work in previous version of GitExtensions I have successfully used the ""View History"" window, often for the ""blame"" tab, many many times over the years. I noticed the problem today in version 3.0.0. I upgraded to version 3.0.2 and I still have the problem. I do not recall if I ever used ""View History"" successfully in version 3.0.0. ## Environment - Git Extensions 3.0.2.5232 - Build 23b6f51905006ccdde8701591df706284b4155dc - Git 2.20.1.windows.1 - Microsoft Windows NT 10.0.17763.0 - .NET Framework 4.7.3260.0 - DPI 96dpi (no scaling) ## Diagnostics","Can you try the GE repo (or some other public repo) to see if it is your environment? If not, can you share the repo?",[EDIT] **The fix involves removing duplicate slashes from repository paths.**
gitextensions/gitextensions,https://github.com/gitextensions/gitextensions/issues/6661,gitextensions_gitextensions_issues_6661,"Commit message completion : propose USER's last commits

## Feature description Actually, in commit view, when we click on ""Commit message"", we have **REPO**'s last commits proposed. But this is very rare when we need to reuse commit message coming from another user. We should also propose last **USER**'s commits. ## Environment - Git Extensions 3.1.0.5877 - Build bb1687f6bd0450d0c1a2bae10a37c65493fc1294 - Git 2.21.0.windows.1 - Microsoft Windows NT 6.1.7601 Service Pack 1 - .NET Framework 4.7.3260.0 - DPI 96dpi (no scaling)",Could you please update your issue to follow one of them?,## Feature description ## Environment - Git Extensions 3.1.0.5877 - Build bb1687f6bd0450d0c1a2bae10a37c65493fc1294 - Git 2.21.0.windows.1 - Microsoft Windows NT 6.1.7601 Service Pack 1 - .NET Framework 4.7.3260.0 - DPI 96dpi (no scaling)
jekyll/jekyll,https://github.com/jekyll/jekyll/issues/7083,jekyll_jekyll_issues_7083,"Accents on path will crash jekyll serve

<!-- Hi! Thanks for considering to file a bug with Jekyll. Please take the time to answer the basic questions. You can convert [ ] into [x] to check boxes (or submit and check.) If there is no need for certain fields like output and redirection, please delete those headers before submitting. We know not all tickets require those steps. Otherwise, please try to be as detailed as possible. If you are unsure this is a bug in Jekyll, or this is a bug caused by a plugin that isn't directly related to Jekyll, or if this is just a generic usage question, please consider asking your question at https://talk.jekyllrb.com where non-bug questions go. Thanks! --> - [x] I believe this to be a bug, not a question about using Jekyll. - [x] I updated to the latest Jekyll (or) if on GitHub Pages to the latest github-pages - [x] I ran jekyll doctor to check my configuration - [x] I read the CONTRIBUTION file at https://jekyllrb.com/docs/contributing/ - [ ] This is a feature request. --- - [x] I am on (or have tested on) ***macOS*** 10+ - [ ] I am on (or have tested on) ***Debian/Ubuntu*** GNU/Linux - [ ] I am on (or have tested on) ***Fedora*** GNU/Linux - [ ] I am on (or have tested on) ***Arch*** GNU/Linux - [ ] I am on (or have tested on) ***Other*** GNU/Linux - [ ] I am on (or have tested on) ***Windows*** 10+ <!-- Other GNU/Linux includes Scientific GNU/Linux, CentOS GNU/Linux, and others. If you are on a minor sub-distro (such as ElementaryOS which does not diverge from Ubuntu much, please check the parent distro. Kubuntu, Edubuntu, Lubuntu should also be flagged as Ubuntu as their packages come from upstream Ubuntu. --> --- - [ ] I was trying to install. - [ ] There is a broken Plugin API. - [ ] I had an error on GitHub Pages, and I have reproduced it locally. - [ ] I had an error on GitHub Pages, and GitHub Support said it was a Jekyll Bug. - [ ] I had an error on GitHub Pages and I did not test it locally. - [ ] I was trying to build. - [x] It was another bug. ## My Reproduction Steps <!-- If this error occurred on GitHub Pages, please try to provide us with logs, and look at them yourself, to determine if this is an actual Jekyll bug. In the event you are unsure, file a ticket, however, when you do please provide the logs (strip them of personal information.) If you have trouble finding your logs, please email support@github.com and they will happily help you. If you cannot find logs, please try your best to replicate it locally because we cannot fix a problem if we do not know exactly what caused it, or within a relatively close distance. --> <!-- Insert the steps you took to for this problem to exist. Such as the directories you created and, the full command you ran, and include any plugins you have installed, this is very important. If your steps are complicated, you can also submit a GitHub repository (please no zips, they will be removed and rejected by maintainers,) and just supply a command for us to reproduce it ourselves. --> If the path where jekyll project is located contains accented characters, jekyll serve will crash after any modification on the directory. Building the project works fine, but it will crash when the watcher detects a change on the directory. On version 3.6.2 it works correctly, so I believe this is a regression. Let's use the latest jekyll release (v3.8.3): 1. Create a directory called test-olÃ©, cd into it. 1. bundle init, bundle add jekyll, bundle install 1. touch index.html 1. Run bundle exec jekyll serve, it will build and start the server correctly. 1. On another terminal, run touch hi on the same directory. 1. Jekyll will crash:  Now let's use an older jekyll version. 1. Set jekyll version to 3.6.2 on Gemfile and run bundle update. 1. Run again bundle exec jekyll serve. 1. On another terminal, run touch hey. 1. Jekyll will not crash. I also tried the master branch and I got the same error of the latest version.",Can you escape the accented characters in the pathname? Seems like something else is awry here with how this is handled ðŸ¤”.,"If the path where jekyll project is located contains accented characters, jekyll serve will crash after any modification on the directory. Building the project works fine, but it will crash when the watcher detects a change on the directory."
jekyll/jekyll,https://github.com/jekyll/jekyll/issues/7207,jekyll_jekyll_issues_7207,"Liquid Warning: Liquid syntax error (line 258): Unexpected character Ã±

## My Environment | Software | Version(s) | | ---------------- | ---------- | | Operating System | Windows 10 | | jekyll | 3.8.3 | ## Code Sample  ## Output Liquid Warning: Liquid syntax error (line 258): Unexpected character Ã± in ""post in site.categories.montaÃ±as limit:1"" in index.html What should I do to make the Latin or Spanish letter ""Ã±"" work?","Can you try using any of the Entity values instead? E.g, &#241; or &ntilde;?",My Environment | Software |
internetarchive/openlibrary,https://github.com/internetarchive/openlibrary/issues/2788,internetarchive_openlibrary_issues_2788,"Edit wording for counts under author's name in search (a4)

One example is on https://openlibrary.org/search/authors?q=john+o%27reilly where if I click on https://openlibrary.org/authors/OL7317095A it shows 1 work. There are so many like this: ![image](https://user-images.githubusercontent.com/55302685/71531571-20e75300-28a4-11ea-9660-ad7d3c2e0a5b.png) So I'm proposing a reword from ""**0 books**, including"") to say instead: ""**# Ebooks**, # Works, # Editions"". Then the number will show the true number of works for books, followed by the sum total of editions for all the works combined. I understand now that 'books' meant 'ebooks' - and since there's an ambiguity between the cataloged works in the OL and the actual scans in the IA - using 'ebooks' would discern that it's about the IA availability, not the OL records. I mean, better yet would be: ""**# Ebooks Available**, # Ebooks, # Works, # Editions""",What value would it add to the user?,"Works, # I understand now that 'books' meant 'ebooks' - and since there's an ambiguity between the cataloged works in the OL and the actual scans in the IA - using 'ebooks' would discern that it's about the IA availability, not the OL records."
internetarchive/openlibrary,https://github.com/internetarchive/openlibrary/issues/2671,internetarchive_openlibrary_issues_2671,"Update issue triage definition and Wiki

### Describe the solution you'd like <!-- A clear and concise description of what you want to happen. --> Redefine the repo's definition of triage to make the process more streamline and time-efficient. Related: #2672 ### Philosophy As Open Library grows, the amount of work that needs to be done is _much larger_ than the amount of time the developers have. There are two ways to combat this: 1. Increase the amount of developers 1. Streamline the workflow for completing issues and merging pull requests. This issue and associated pull requests are designed to: 1. Decrease the barrier of entry for new collaborators to contribute to the project. 1. Minimize the amount of time developers spend handling issues and pull requests. 1. Wrangle issues that are irrelevant, solved, or contain useful information for current ongoing projects. ### Proposal <!-- What is the proposed solution / implementation? Is there a precedent of this approach succeeding elsewhere? --> - [ ] An issue is triaged when we can answer the following two questions: 1. _Is this a legitimate issue_? - I.e: Is this actually a bug? Do we actually want to implement this feature? 1. _How urgent is this issue_? - Is this issue related to an open Epic/milestone/project? 1. Practical changes - We don't necessarily need to know how to resolve an issue for it to be triaged. The underlying problem of a bug or code needed to create a feature can be a mystery. - Triaged ~labels~ issues do not need an assignee. As long as the issue has a Type, State, and Priority it is considered triaged. - If an issue is legitimate but not considered urgent, a contributor can leave the labeled issue in the backlog without further investigation and still be compliant with this triaging process. - It is encouraged for contributors to provide relevant files or information that would make resolving the issue easier for new contributors to the project. - [x] Rename Needs: Assessment to Needs: Triage and add the label Needs: Investigation to the set of available labels. - _Rationale_: Needs: Assessment has been used for marking an untriaged issue and marking an issue as needing more investigation. - [x] Add a Type: Question label and corresponding issue template #2753 ~- [ ] Add Needs: Triage~ - [ ] Add State: Backlogged to all issue templates EDIT: the usefulness of the State label is being contested besides Blocked - [ ] Rephrase the issue template from ""Describe the solution you'd like,"" it says something more along the lines of ""Describe the problem that you'd like solved."" per https://github.com/internetarchive/openlibrary/issues/2671#issuecomment-561401800 #2753 - [x] Rename css to Module: CSS and make it a managed label - [x] Rename publicapis to Theme: Public APIs and make it a managed label - [x] Rename Editing to Theme: Editing and make it a managed label _Added from 2019-12-17 Community Call_ - [ ] Change Priority label formatting. I.e Priority 2: High to Priority: 2 assigned to @tfmorris - [ ] Triaged labels need a Module? - [ ] Triaged labels need a Theme? <!-- Which suggestions or requirements should be considered for how feature needs to appear or be implemented? --> ### Constraints 1. This process is dependent on a triager or triagers labeling incoming issues. It also requires contributors complying to the labeling Wiki. 1. Determining the ""urgency"" of a project is dependent on Open Library managing issues in milestones/project or some other type of public-facing road map. 1. It is still possible for issues ""lost"". I.e issues that were a work-in-progress, but were abandoned by the assignee for technical problems or other reasons. Example: #333 . 1. Some devs have requested a way to ""score"" issues so that it was easier to decide which were first on the todo list. The above changes don't provide a scoring system. 1. The proposed changes don't set expectations for triaged issues.. We many need to publicly state somewhere that large significant features can be triaged, but may not be implemented as the issue author requested. ### Stakeholders <!-- @ tag stakeholders of this bug --> @brad2014 @mekarpeles","What if people self-assign some of the lower ones and get offered higher privileges, in which they accept or not?",1. Rename Editing to Theme: Editing and make it a managed label
beautify-web/js-beautify,https://github.com/beautify-web/js-beautify/issues/1753,beautify-web_js-beautify_issues_1753,"fails on simple-looking json

Edit: I **can** reproduce it on Firefox 72.0.1 from the Ubuntu Linux 18.04 repo I can **not** reproduce it on Firefox 72.0.2 from the Ubuntu Linux 18.04 repo I can **not** reproduce it on the older ESR Firefox 68.4.2esr also i can **not** reproduce it on Chrome (version is 79.0.3945.130 but doubt that's relevant) for some reason it fails on this simple-looking json:  the output is just that 1 line.. ![image](https://user-images.githubusercontent.com/1874996/73281526-67f09d00-41f0-11ea-89f0-01a997e397de.png) i expected something like:  which looks much prettier imo (it's the same data but prettified via PHP's JSON_PRETTY_PRINT ) it's possible that it's just my expectations that are wrong, idk i don't think i changed the formatting options, i just used the default ones, but for completes:",Do you see anything in the browser's console log?,Edit: I can reproduce it on Firefox 72.0.1 from the Ubuntu Linux 18.04 repo I can not reproduce it on the older ESR Firefox 68.4.2esr also i can not reproduce it on Chrome (version is 79.0.3945.130 but doubt that's relevant)
qtile/qtile,https://github.com/qtile/qtile/issues/1384,qtile_qtile_issues_1384,"Font stopped working and shows only squares in bar/widgets, other programs (terminal, browser, ...) are fine!?

Hey, [terminus-font](https://www.archlinux.org/packages/community/any/terminus-font/) stopped working in [qtile](https://www.archlinux.org/packages/community/any/qtile/) after the last reboot. I've tried to reinstall qtile and terminus-font, started qtile with default_config.py and checked the logs (-l DEBUG) but couldn't find anything. As other programs are fine i assume it's a qtile problem but there weren't any updates in the last days so i'm not really sure!? EDIT If anyone has the same problem, there is a thread on [bbs.archlinux.org](https://bbs.archlinux.org/viewtopic.php?id=248032), seems to be an issue with the latest pango update.","Did you update Qtile? Are you sure that the problem is linked to the font, i.e. that using another font make it work again?","EDIT If anyone has the same problem, there is a thread on [bbs.archlinux.org](https://bbs.archlinux.org/viewtopic.php?id=248032), seems to be an issue with the latest pango update."
mkleehammer/pyodbc,https://github.com/mkleehammer/pyodbc/issues/423,mkleehammer_pyodbc_issues_423,"String data, right truncation

### Environment - OS: ubuntu:16.04 - Python: 2.7 - pyodbc: 4.0.23 - DB: SQL Server 12 - unixodbc-dev=2.3 - Microsoft ODBC Driver 13 (13.1.9.2-1) ### Issue On inserting a string containing emoji characters into an NVARCHAR(MAX) column in MSSQL, I get the following error: . #### However, it works perfectly fine on windows and mac machine. On changing python's default encoding to UTF-8, like  I don't get above error. But inserted data are different symbols.  Ã°??Â¤Ã°??Â¤Ã°??Â¤ - Inserted in the database.  If I give parameterized query like above, ' ???????' are inserted. - I even tried to change the encoding of pyodbc to (refering this https://github.com/mkleehammer/pyodbc/wiki/Unicode): 1 - con.setencoding(unicode, encoding='utf-8') 2- con.setdecoding(pyodbc.SQL_CHAR, encoding='latin1', to=str) con.setencoding(unicode, encoding='raw') 3- cnxn.setdecoding(pyodbc.SQL_CHAR, encoding='latin1', to=str) cnxn.setencoding(str, encoding='latin1') In all the avove cases '??????' is inserted instead of emoticon. #### I even tried Microsoft ODBC Driver 17 for SQL Server. But nothing changed.",What is the exact version of unixODBC? Run odbcinst -j to get that information. Post an [ODBC trace](https://www.simba.com/blog/odbc-troubleshooting-tracing/ ) to help with debugging the problem further.,If I give parameterized query ' ???????' are inserted. 
showdownjs/showdown,https://github.com/showdownjs/showdown/issues/620,showdownjs_showdown_issues_620,"Support for other markdown specs

- [ ] CommonMark https://commonmark.org/ - [ ] Github Flavored https://github.github.com/gfm/ - [ ] Markdown Extra https://michelf.ca/specs/markdown-extra/ - [ ] MultiMarkdown https://fletcherpenney.net/multimarkdown/",Can you please elaborate?,https://commonmark.org/ https://github.github.com/gfm/ https://michelf.ca/specs/markdown-extra/ https://fletcherpenney.net/multimarkdown/
